{"cameraMode":{"drawMode":0,"name":"Shaded","section":"Shading Mode"},"sceneLighting":false,"audioPlay":false,"sceneViewState":{"showFog":false,"showMaterialUpdate":false,"showSkybox":false,"showFlares":false,"showImageEffects":false,"showParticleSystems":false},"in2DMode":false,"pivot":{"x":-0.008980957791209221,"y":0.04665751755237579,"z":0.08521212637424469},"rotation":{"x":0.001684032496996224,"y":-0.9962354302406311,"z":0.08809593319892883,"w":0.020333221182227136},"size":0.1155167743563652,"orthographic":false}