{"cameraMode":{"drawMode":0,"name":"Shaded","section":"Shading Mode"},"sceneLighting":false,"audioPlay":false,"sceneViewState":{"showFog":false,"showMaterialUpdate":false,"showSkybox":false,"showFlares":false,"showImageEffects":false,"showParticleSystems":false},"in2DMode":false,"pivot":{"x":-2.3559999465942385,"y":1.1269999742507935,"z":-3.3910000324249269},"rotation":{"x":-0.1166035383939743,"y":0.8614087104797363,"z":-0.43972787261009219,"w":-0.22665849328041078},"size":0.10787338018417359,"orthographic":false}