{"cameraMode":{"drawMode":0,"name":"Shaded","section":"Shading Mode"},"sceneLighting":false,"audioPlay":false,"sceneViewState":{"showFog":false,"showMaterialUpdate":false,"showSkybox":false,"showFlares":false,"showImageEffects":false,"showParticleSystems":false},"in2DMode":false,"pivot":{"x":-3.8452486991882326,"y":1.8341326713562012,"z":4.799613952636719},"rotation":{"x":0.05037461966276169,"y":-0.7368574738502502,"z":-0.05388049781322479,"w":-0.6724045872688294},"size":0.2983095645904541,"orthographic":false}