{"cameraMode":{"drawMode":0,"name":"Shaded","section":"Shading Mode"},"sceneLighting":false,"audioPlay":false,"sceneViewState":{"showFog":false,"showMaterialUpdate":false,"showSkybox":false,"showFlares":false,"showImageEffects":false,"showParticleSystems":false},"in2DMode":false,"pivot":{"x":0.8999999761581421,"y":0.40000009536743166,"z":0.8500001430511475},"rotation":{"x":0.36207082867622378,"y":0.556689441204071,"z":-0.29580801725387576,"w":0.6872448921203613},"size":1.9653245210647584,"orthographic":false}