{"cameraMode":{"drawMode":0,"name":"Shaded","section":"Shading Mode"},"sceneLighting":false,"audioPlay":false,"sceneViewState":{"showFog":false,"showMaterialUpdate":false,"showSkybox":false,"showFlares":false,"showImageEffects":false,"showParticleSystems":false},"in2DMode":false,"pivot":{"x":-0.3742486238479614,"y":0.8351620435714722,"z":0.018872708082199098},"rotation":{"x":0.2242768257856369,"y":-0.6827850937843323,"z":0.2339753359556198,"w":0.6550321578979492},"size":10.47873306274414,"orthographic":false}