{"cameraMode":{"drawMode":0,"name":"Shaded","section":"Shading Mode"},"sceneLighting":false,"audioPlay":false,"sceneViewState":{"showFog":false,"showMaterialUpdate":false,"showSkybox":false,"showFlares":false,"showImageEffects":false,"showParticleSystems":false},"in2DMode":false,"pivot":{"x":-4.470348358154297e-8,"y":0.06907449662685394,"z":-7.450580596923828e-9},"rotation":{"x":-0.09561742842197418,"y":0.6811483502388,"z":-0.09044913202524185,"w":-0.7202655076980591},"size":0.1155167743563652,"orthographic":false}