{"cameraMode":{"drawMode":0,"name":"Shaded","section":"Shading Mode"},"sceneLighting":false,"audioPlay":false,"sceneViewState":{"showFog":false,"showMaterialUpdate":false,"showSkybox":false,"showFlares":false,"showImageEffects":false,"showParticleSystems":false},"in2DMode":false,"pivot":{"x":-0.3854512870311737,"y":0.10913775116205216,"z":0.018486959859728814},"rotation":{"x":0.024912675842642785,"y":0.7083695530891419,"z":-0.025151977315545083,"w":0.7054041028022766},"size":0.10435310006141663,"orthographic":false}