{"cameraMode":{"drawMode":0,"name":"Shaded","section":"Shading Mode"},"sceneLighting":true,"audioPlay":false,"sceneViewState":{"showFog":false,"showMaterialUpdate":false,"showSkybox":false,"showFlares":false,"showImageEffects":false,"showParticleSystems":false},"in2DMode":false,"pivot":{"x":341.6016845703125,"y":0.6521745920181274,"z":296.9188537597656},"rotation":{"x":0.04141562059521675,"y":-0.928219735622406,"z":0.10503900796175003,"w":0.3556719422340393},"size":4.142772197723389,"orthographic":false}