{"cameraMode":{"drawMode":0,"name":"Shaded","section":"Shading Mode"},"sceneLighting":false,"audioPlay":false,"sceneViewState":{"showFog":false,"showMaterialUpdate":false,"showSkybox":false,"showFlares":false,"showImageEffects":false,"showParticleSystems":false},"in2DMode":false,"pivot":{"x":14.769464492797852,"y":5.120160102844238,"z":3.1387786865234377},"rotation":{"x":0.11545252799987793,"y":-0.7566524147987366,"z":0.1361476331949234,"w":0.6295708417892456},"size":5.107395172119141,"orthographic":false}