{"cameraMode":{"drawMode":0,"name":"Shaded","section":"Shading Mode"},"sceneLighting":false,"audioPlay":false,"sceneViewState":{"showFog":false,"showMaterialUpdate":false,"showSkybox":false,"showFlares":false,"showImageEffects":false,"showParticleSystems":false},"in2DMode":false,"pivot":{"x":-0.023821217939257623,"y":0.07183846831321717,"z":0.1747007966041565},"rotation":{"x":7.831829407223268e-7,"y":-1.0000256299972535,"z":0.0237033199518919,"w":0.006901246029883623},"size":0.10435310006141663,"orthographic":false}