{"cameraMode":{"drawMode":0,"name":"Shaded","section":"Shading Mode"},"sceneLighting":false,"audioPlay":false,"sceneViewState":{"showFog":false,"showMaterialUpdate":false,"showSkybox":false,"showFlares":false,"showImageEffects":false,"showParticleSystems":false},"in2DMode":false,"pivot":{"x":-3.1638617515563967,"y":2.2538838386535646,"z":2.3036274909973146},"rotation":{"x":-0.1183856800198555,"y":0.8539208769798279,"z":-0.4554714262485504,"w":-0.2226964831352234},"size":2.716615676879883,"orthographic":false}