{"cameraMode":{"drawMode":0,"name":"Shaded","section":"Shading Mode"},"sceneLighting":false,"audioPlay":false,"sceneViewState":{"showFog":false,"showMaterialUpdate":false,"showSkybox":false,"showFlares":false,"showImageEffects":false,"showParticleSystems":false},"in2DMode":false,"pivot":{"x":0.0,"y":0.6296064257621765,"z":1.7881393432617188e-7},"rotation":{"x":0.0017441671807318926,"y":0.9730947613716126,"z":-0.230409637093544,"w":0.007292088121175766},"size":0.8986729383468628,"orthographic":false}