{"cameraMode":{"drawMode":0,"name":"Shaded","section":"Shading Mode"},"sceneLighting":false,"audioPlay":false,"sceneViewState":{"showFog":false,"showMaterialUpdate":false,"showSkybox":false,"showFlares":false,"showImageEffects":false,"showParticleSystems":false},"in2DMode":false,"pivot":{"x":0.0,"y":0.39580947160720827,"z":0.07451000809669495},"rotation":{"x":0.2701355814933777,"y":0.14675474166870118,"z":-0.04224623367190361,"w":0.9508156180381775},"size":0.7238248586654663,"orthographic":false}